feature,importance
lnltotpop,0.24641196215221375
lnlrgdpcap,0.22502944478613893
t_claim,0.1882443009822206
groupsize,0.17235389630147135
numb_rel_grps,0.12929476094112438
coldwar_1,0.02501866172569405
noncontiguous_1.0,0.013646973111136962
