feature,importance
lnltotpop,0.21397437376177728
lnlrgdpcap,0.1936622243057547
t_claim,0.1563216040206365
groupsize,0.1354117534827198
mounterr,0.12106350276081755
numb_rel_grps,0.10884730916487717
lgiantoilfield_1.0,0.02028845628890601
coldwar_1,0.02003123531472416
lsepkin_adjregbase1,0.019230792067763527
noncontiguous_1.0,0.011168748832023203
