feature,importance
lnlrgdpcap,0.22769263043067495
lv2x_polyarchy,0.19656389330720414
lnltotpop,0.16676681423549644
t_escal,0.13885272938590215
groupsize,0.11272820121013885
numb_rel_grps,0.08113140019151818
coldwar_1,0.026570940202228364
noncontiguous_1.0,0.01935464138792233
regaut_1.0,0.016287319065750167
lfederal_1,0.014051430583164352
