feature,importance
lnlrgdpcap,0.2424568584598126
lnltotpop,0.17200954417775738
t_escal,0.14855735170921117
mounterr,0.11379868890203645
groupsize,0.10866277663729418
numb_rel_grps,0.08998656913650863
coldwar_1,0.029717284416437315
status_excl_1.0,0.026447031607161185
lost_autonomy_1.0,0.020973896448699
noncontiguous_1.0,0.014829177219227043
lsepkin_adjregbase1,0.013453617096218548
lgiantoilfield_1.0,0.011698723205278375
downgr2_aut_1.0,0.007408480984358206
