feature,importance
lnlrgdpcap,0.20884534357112677
lv2x_polyarchy,0.18346215469364674
lnltotpop,0.15590261508910377
t_escal,0.13276239932885278
groupsize,0.10475082273058958
numb_rel_grps,0.0818748382986304
coldwar_1,0.02918405575370229
status_excl_1.0,0.026008298918798512
regaut_1.0,0.018542720412820814
lost_autonomy_1.0,0.01818320394966436
noncontiguous_1.0,0.01775745390420602
lfederal_1,0.01570290815162749
downgr2_aut_1.0,0.007023185197230382
