feature,importance
lnltotpop,0.1898914374395163
lnlrgdpcap,0.1680635566894732
lv2x_polyarchy,0.16246206475180075
t_claim,0.13639138082428848
groupsize,0.11305253748868277
numb_rel_grps,0.08628074196595216
status_excl_1.0,0.03621165849897876
lost_autonomy_1.0,0.03452102492746806
lfederal_1,0.02204980461628939
coldwar_1,0.015797238055521058
regaut_1.0,0.01350848382923464
downgr2_aut_1.0,0.013187363019168107
noncontiguous_1.0,0.008582707893626345
