feature,importance
lnltotpop,0.20275022567414
lnlrgdpcap,0.19085458511567258
t_claim,0.14802915516877632
groupsize,0.10916887724182713
mounterr,0.10357361706838883
numb_rel_grps,0.10188547231766967
status_excl_1.0,0.03539220983688643
lost_autonomy_1.0,0.034454186137497005
lsepkin_adjregbase1,0.018502034659946986
coldwar_1,0.0166121511209194
downgr2_aut_1.0,0.014815797741589826
lgiantoilfield_1.0,0.013239645438522898
noncontiguous_1.0,0.010722042478162776
