feature,importance
lnlrgdpcap,0.2306528343208377
lnltotpop,0.18947385370919068
t_escal,0.16000140004501892
groupsize,0.1565351860594028
numb_rel_grps,0.11253520520709659
status_excl_1.0,0.052951196057543656
coldwar_1,0.046332318504901215
lost_autonomy_1.0,0.02293999081453558
noncontiguous_1.0,0.015362753699611355
downgr2_aut_1.0,0.013215261581861521
