feature,importance
lnltotpop,0.23470726107652287
lnlrgdpcap,0.21989635007781672
t_claim,0.17213597764650007
groupsize,0.13699697749710366
numb_rel_grps,0.11639951572803786
lost_autonomy_1.0,0.03830249357996679
status_excl_1.0,0.03705553576636845
coldwar_1,0.016865075508788966
downgr2_aut_1.0,0.01647853929334823
noncontiguous_1.0,0.011162273825546404
