feature,importance
lnlrgdpcap,0.19827045287414802
lv2x_polyarchy,0.17798725716663083
lnltotpop,0.14089442138637934
t_escal,0.12587534053602376
mounterr,0.0963793038182525
groupsize,0.0935110138719867
numb_rel_grps,0.07468965518632116
coldwar_1,0.026034381187278157
noncontiguous_1.0,0.015995746441884097
regaut_1.0,0.015300105139452168
lsepkin_adjregbase1,0.013075367904700883
lfederal_1,0.012585064961693803
lgiantoilfield_1.0,0.009401889525248706
