feature,importance
lnltotpop,0.2365951518616967
lnlrgdpcap,0.22022417854267837
t_claim,0.17290613452238748
groupsize,0.13431824551487748
numb_rel_grps,0.11556084846594017
lost_autonomy_1.0,0.039224858413876074
status_excl_1.0,0.03795280877554838
coldwar_1,0.016902528656564778
downgr2_aut_1.0,0.015607779251471773
noncontiguous_1.0,0.010707465994958861
