feature,importance
lnlrgdpcap,0.2840070796882138
lnltotpop,0.22263564328859559
t_escal,0.18731503899628452
groupsize,0.14627840368726308
numb_rel_grps,0.10984319935481883
coldwar_1,0.032481413118717294
noncontiguous_1.0,0.017439221866106934
