feature,importance
lnltotpop,0.20320205577257902
lnlrgdpcap,0.17998678945501378
lv2x_polyarchy,0.17527577666040173
t_claim,0.15688460515038555
groupsize,0.13387498823804084
numb_rel_grps,0.08960243084466303
lfederal_1,0.020821405616981797
regaut_1.0,0.014722466824619506
coldwar_1,0.01446692457196274
noncontiguous_1.0,0.011162556865351884
