feature,importance
lnlrgdpcap,0.19698317896929246
lv2x_polyarchy,0.1753303600920899
lnltotpop,0.13984687648377755
t_escal,0.12300032660369833
mounterr,0.0993912283588776
groupsize,0.09447043131683563
numb_rel_grps,0.076841366777009
coldwar_1,0.0253915703931625
noncontiguous_1.0,0.0168894600081293
regaut_1.0,0.016531299290481406
lsepkin_adjregbase1,0.01301609171309652
lfederal_1,0.012686049409640446
lgiantoilfield_1.0,0.009621760583909225
