feature,importance
lnltotpop,0.2024150138489766
lnlrgdpcap,0.19150224993817008
t_claim,0.15103240535355278
groupsize,0.10905406494950888
mounterr,0.10222566510568214
numb_rel_grps,0.10035487551138962
status_excl_1.0,0.03486419073240489
lost_autonomy_1.0,0.03443740232969062
lsepkin_adjregbase1,0.018241011296878183
coldwar_1,0.01723807030864032
downgr2_aut_1.0,0.014915164879763012
lgiantoilfield_1.0,0.01305405151891237
noncontiguous_1.0,0.010665834226430526
