feature,importance
lnltotpop,0.25007629809498105
lnlrgdpcap,0.2331757539737416
t_claim,0.19241169950461617
groupsize,0.16654759717599027
numb_rel_grps,0.12475757147872289
coldwar_1,0.01857064901774522
noncontiguous_1.0,0.014460430754202896
