feature,importance
lnltotpop,0.20394784559737447
lnlrgdpcap,0.17991103120920132
lv2x_polyarchy,0.1745885795514108
t_claim,0.15709085471788864
groupsize,0.13365714281560792
numb_rel_grps,0.09005333056054811
lfederal_1,0.02080563124508381
regaut_1.0,0.014541882740790045
coldwar_1,0.01438504755188687
noncontiguous_1.0,0.01101865401020808
