feature,importance
lnlrgdpcap,0.22941761064324934
lv2x_polyarchy,0.19748222728376366
lnltotpop,0.16772629224121616
t_escal,0.13895558134986352
groupsize,0.11053964929658168
numb_rel_grps,0.08108399384482365
coldwar_1,0.026562610677383344
noncontiguous_1.0,0.0191408489314576
regaut_1.0,0.015694057911867294
lfederal_1,0.013397127819793778
