feature,importance
lnlrgdpcap,0.20878607070665026
lv2x_polyarchy,0.18353001387519122
lnltotpop,0.15621283296303737
t_escal,0.13293790496505317
groupsize,0.10482006920243421
numb_rel_grps,0.08171022734577242
coldwar_1,0.029121085009338958
status_excl_1.0,0.026087782750675387
regaut_1.0,0.01836131505812147
lost_autonomy_1.0,0.018239691955672543
noncontiguous_1.0,0.01754838126593277
lfederal_1,0.015643245113991306
downgr2_aut_1.0,0.00700137978812899
