feature,importance
lnlrgdpcap,0.18011439346348404
lnltotpop,0.1570247605126249
lv2x_polyarchy,0.14594315641180988
groupsize,0.12078567755332928
t_escal,0.1157595957194317
numb_rel_grps,0.09385543121003574
status_excl_1.0,0.04694334398203772
coldwar_1,0.03862614238297415
regaut_1.0,0.03783640211449766
lost_autonomy_1.0,0.02083037946945236
lfederal_1,0.019153855892421492
noncontiguous_1.0,0.012427285115057902
downgr2_aut_1.0,0.010699576172843242
