feature,importance
lnlrgdpcap,0.1915092834291707
lnltotpop,0.15411465833463286
t_escal,0.13370849626658995
groupsize,0.13244085716497855
mounterr,0.11024931114539546
numb_rel_grps,0.10093482989385116
status_excl_1.0,0.050134201845049325
coldwar_1,0.043300095769322436
lost_autonomy_1.0,0.0223007965379016
lgiantoilfield_1.0,0.018922064072433027
lsepkin_adjregbase1,0.017158767345349834
noncontiguous_1.0,0.013929376735646619
downgr2_aut_1.0,0.011297261459678486
