feature,importance
lnltotpop,0.22125253481814097
lnlrgdpcap,0.20389849981025368
t_claim,0.1689997411989412
groupsize,0.12909679007252742
mounterr,0.11037993775769726
numb_rel_grps,0.1055355181536605
lsepkin_adjregbase1,0.019463134260800652
coldwar_1,0.016297568540789405
noncontiguous_1.0,0.013439831577582679
lgiantoilfield_1.0,0.01163644380960616
