feature,importance
lnlrgdpcap,0.27544814474710216
lnltotpop,0.2043894031290472
t_escal,0.17424197914856115
groupsize,0.13704096866435117
numb_rel_grps,0.10007774384520915
coldwar_1,0.033498492693327456
status_excl_1.0,0.02755745386544187
lost_autonomy_1.0,0.022797845375477035
noncontiguous_1.0,0.0167095978576948
downgr2_aut_1.0,0.008238370673787934
