feature,importance
lnlrgdpcap,0.1774175489850442
lv2x_polyarchy,0.13960099045101237
lnltotpop,0.1386976979979343
t_escal,0.11412750342701096
groupsize,0.11131803484793258
mounterr,0.09948118167134484
numb_rel_grps,0.08677834546769436
regaut_1.0,0.03887317916160622
coldwar_1,0.03516527951729356
lsepkin_adjregbase1,0.01697937459729339
lfederal_1,0.015114476480282513
lgiantoilfield_1.0,0.014303274729781636
noncontiguous_1.0,0.012143112665769203
