feature,importance
lnltotpop,0.19294727652485807
lnlrgdpcap,0.17790010142122364
t_claim,0.138397918122102
groupsize,0.12342407949277724
mounterr,0.11306070038986853
numb_rel_grps,0.10232760215731343
status_excl_1.0,0.03983522933977417
lost_autonomy_1.0,0.026991591824465217
coldwar_1,0.020432832785632345
lsepkin_adjregbase1,0.019386129996553533
lgiantoilfield_1.0,0.018954020363791776
downgr2_aut_1.0,0.016669277684971753
noncontiguous_1.0,0.009673239896668347
