feature,importance
lnltotpop,0.22954167512456264
lnlrgdpcap,0.20913726942286814
t_claim,0.16551521216731893
groupsize,0.14805176091088795
numb_rel_grps,0.12047542645673016
status_excl_1.0,0.04487465149211979
lost_autonomy_1.0,0.03223462737058331
coldwar_1,0.02316741772291335
downgr2_aut_1.0,0.01781748684161293
noncontiguous_1.0,0.009184472490402778
