feature,importance
lnlrgdpcap,0.2639356513778899
lnltotpop,0.18957973789207758
t_escal,0.16279732907825373
mounterr,0.11885408398007365
groupsize,0.11128022985717194
numb_rel_grps,0.08966201976028931
coldwar_1,0.027602628467907737
noncontiguous_1.0,0.013505878017361061
lsepkin_adjregbase1,0.011806831965754152
lgiantoilfield_1.0,0.010975609603220995
