feature,importance
lnltotpop,0.17052000780060234
lnlrgdpcap,0.15518139965506472
lv2x_polyarchy,0.1546856789314311
t_claim,0.13414495923606026
groupsize,0.11492455971856355
mounterr,0.09485387084548737
numb_rel_grps,0.08435650492599855
lfederal_1,0.021930695637163006
lsepkin_adjregbase1,0.017851683507799476
coldwar_1,0.014365333638905171
regaut_1.0,0.014015051953902931
noncontiguous_1.0,0.012275827673833149
lgiantoilfield_1.0,0.010894426475188465
