feature,importance
lnlrgdpcap,0.3067244255549057
lnltotpop,0.22374339527652676
t_escal,0.19853285159599054
groupsize,0.1321138884727396
numb_rel_grps,0.08736994407152493
coldwar_1,0.030880677730792443
noncontiguous_1.0,0.020634817297519842
