feature,importance
lnlrgdpcap,0.2801675774698441
lnltotpop,0.22036811970162387
t_escal,0.18833572961339407
groupsize,0.14881198375473195
numb_rel_grps,0.11203255765969905
coldwar_1,0.03327831197493858
noncontiguous_1.0,0.017005719825768317
