feature,importance
lnltotpop,0.2105206088629906
lnlrgdpcap,0.18246783184676285
lv2x_polyarchy,0.16500988055276358
t_claim,0.13322020803344828
groupsize,0.11051107948490817
numb_rel_grps,0.08824485308572294
status_excl_1.0,0.03443898624109744
lost_autonomy_1.0,0.023196131605387072
downgr2_aut_1.0,0.017827305081975237
regaut_1.0,0.012296193688132213
coldwar_1,0.010962709276026078
lfederal_1,0.007215813865915639
noncontiguous_1.0,0.00408839837486981
