feature,importance
lnltotpop,0.2015285761631576
lnlrgdpcap,0.16812453823217477
lv2x_polyarchy,0.15943328472109247
t_claim,0.1250545665727609
groupsize,0.10829940315859803
mounterr,0.09091107791639741
numb_rel_grps,0.08462286974971779
lsepkin_adjregbase1,0.013768718251814901
lgiantoilfield_1.0,0.012590039256477118
regaut_1.0,0.01225687560404644
coldwar_1,0.010598175351694886
lfederal_1,0.0066204772708092895
noncontiguous_1.0,0.0061913977512583875
