feature,importance
lnlrgdpcap,0.26303128219540406
lnltotpop,0.1900458349759388
t_escal,0.16324804168554588
mounterr,0.12014125660342957
groupsize,0.1110220896605715
numb_rel_grps,0.08899159436607683
coldwar_1,0.02727682818676842
noncontiguous_1.0,0.01360810488299133
lsepkin_adjregbase1,0.011808000575009884
lgiantoilfield_1.0,0.010826966868263727
