feature,importance
lnltotpop,0.17120477549380986
lnlrgdpcap,0.15488167934591737
lv2x_polyarchy,0.1544462974818507
t_claim,0.13440226833036956
groupsize,0.11539923971644694
mounterr,0.09475832901762785
numb_rel_grps,0.08343855624961904
lfederal_1,0.022000568854295355
lsepkin_adjregbase1,0.017799975715560665
coldwar_1,0.014390143971751623
regaut_1.0,0.014181150641461073
noncontiguous_1.0,0.012148459089707664
lgiantoilfield_1.0,0.010948556091582318
