feature,importance
lnltotpop,0.18965925546927606
lnlrgdpcap,0.16694778707487917
lv2x_polyarchy,0.16322446503993793
t_claim,0.1371442687809582
groupsize,0.11287644048681968
numb_rel_grps,0.08555970075526244
status_excl_1.0,0.03636872092004926
lost_autonomy_1.0,0.03480889248809098
lfederal_1,0.0221806668769722
coldwar_1,0.015694089654633106
downgr2_aut_1.0,0.013582505395142852
regaut_1.0,0.01342397728823592
noncontiguous_1.0,0.008529229769742243
