feature,importance
lnltotpop,0.22153780703115591
lnlrgdpcap,0.1904790222957955
lv2x_polyarchy,0.17263715294540646
t_claim,0.14690594371193666
groupsize,0.13004439114695512
numb_rel_grps,0.0944678761600604
regaut_1.0,0.015352387727351943
coldwar_1,0.012817196976856312
lfederal_1,0.008249566889799186
noncontiguous_1.0,0.0075086551146825
