feature,importance
lnlrgdpcap,0.27407986605382795
lnltotpop,0.20805290008695734
t_escal,0.17404017681927636
groupsize,0.13583736213768163
numb_rel_grps,0.10057389880186134
coldwar_1,0.032269900791848605
status_excl_1.0,0.02800102877812337
lost_autonomy_1.0,0.022969054444567115
noncontiguous_1.0,0.017093509845872018
downgr2_aut_1.0,0.007082302239984415
