feature,importance
lnlrgdpcap,0.24260642249440142
lnltotpop,0.17267540658941463
t_escal,0.14862769344261262
mounterr,0.11402415365624581
groupsize,0.10861830887967013
numb_rel_grps,0.08980558950661578
coldwar_1,0.02989130889226139
status_excl_1.0,0.026395757759572733
lost_autonomy_1.0,0.02072125576991611
noncontiguous_1.0,0.014664141442116635
lsepkin_adjregbase1,0.013176467577846865
lgiantoilfield_1.0,0.011697440848665006
downgr2_aut_1.0,0.007096053140661099
