feature,importance
lnlrgdpcap,0.2642491364329974
lnltotpop,0.18947809377588837
t_escal,0.16251477693363672
mounterr,0.11963282787335655
groupsize,0.11173533986402434
numb_rel_grps,0.08881422423291327
coldwar_1,0.027404105457459076
noncontiguous_1.0,0.013439399489963602
lsepkin_adjregbase1,0.012075766782710311
lgiantoilfield_1.0,0.010656329157050396
