feature,importance
lnlrgdpcap,0.20146650646790398
lnltotpop,0.1736920397601286
lv2x_polyarchy,0.1582446325699275
t_escal,0.1343170666176822
groupsize,0.1298117644068258
numb_rel_grps,0.09382171535285018
regaut_1.0,0.04298432639040704
coldwar_1,0.03419637943522609
lfederal_1,0.018621455188547166
noncontiguous_1.0,0.012844113810501438
